<odoo>
    <data>

                    <!-- show transfer fields in contract -->
        <record id="hr_contract_add_transfer_details_form" model="ir.ui.view">
            <field name="name">hr.contract.view.form.inherit</field>
            <field name="model">hr.contract</field>
            <field name="inherit_id" ref="hr_contract.hr_contract_view_form"/>
            <field name="arch" type="xml">
                <xpath expr=".//group[@name='duration_group']" position="after">
                    <group name="transfer_details" string="Transfer Details">
                        <field name="countryOfAccount" string="Country of Account"/>
                        <field name="transferType" string="Transfer Type"/>
                        <field name="bank" string="Bank Name"/>
                        <field name="bankAccountHolder" string="Bank Account Holder Name"/>
                        <field name="bankBranchName" string="Bank Branch Name"/>
                        <field name="bankSwiftCode" string="Bank Swift Code"/>
                        <field name="bankNo" string="Bank Number"/>
                        <field name="bankAccountCurrency" string="Bank Account Currency"/>
                        <field name="otherDetails" string="Other Details"/>
                    </group>
                </xpath>
            </field>
        </record>

    </data>
</odoo>