<odoo>
    <data>

                    <!-- show transfer fields in contract -->
        <record id="hr_contract_add_transfer_details_form" model="ir.ui.view">
            <field name="name">hr.employee.view.form.inherit</field>
            <field name="model">hr.employee</field>
            <field name="inherit_id" ref="hr.view_employee_form"/>
            <field name="arch" type="xml">
                <xpath expr=".//field[@name='name']" position="after">
                    <field name="arabicName" placeholder="Arabic Employee's Name"/>
                </xpath>
            </field>
        </record>

    </data>
</odoo>